{
	"Version": 3,
	"Parameters": [
		{
			"Id": "ParamAngleX",
			"GroupId": "",
			"Name": "Angle X"
		},
		{
			"Id": "ParamAngleY",
			"GroupId": "",
			"Name": "Angle Y"
		},
		{
			"Id": "ParamAngleZ",
			"GroupId": "",
			"Name": "Angle Z"
		},
		{
			"Id": "ParamEyeLOpen",
			"GroupId": "",
			"Name": "EyeL Open"
		},
		{
			"Id": "ParamEyeLSmile",
			"GroupId": "",
			"Name": "EyeL Smile"
		},
		{
			"Id": "ParamEyeROpen",
			"GroupId": "",
			"Name": "EyeR Open"
		},
		{
			"Id": "ParamEyeRSmile",
			"GroupId": "",
			"Name": "EyeR Smile"
		},
		{
			"Id": "ParamEyeBallX",
			"GroupId": "",
			"Name": "Eyeball X"
		},
		{
			"Id": "ParamEyeBallY",
			"GroupId": "",
			"Name": "Eyeball Y"
		},
		{
			"Id": "ParamBrowLY",
			"GroupId": "",
			"Name": "BrowL Y"
		},
		{
			"Id": "ParamBrowRY",
			"GroupId": "",
			"Name": "BrowR Y"
		},
		{
			"Id": "ParamBrowLX",
			"GroupId": "",
			"Name": "BrowL X"
		},
		{
			"Id": "ParamBrowRX",
			"GroupId": "",
			"Name": "BrowR X"
		},
		{
			"Id": "ParamBrowLAngle",
			"GroupId": "",
			"Name": "BrowL Angle"
		},
		{
			"Id": "ParamBrowRAngle",
			"GroupId": "",
			"Name": "BrowR Angle"
		},
		{
			"Id": "ParamBrowLForm",
			"GroupId": "",
			"Name": "BrowL Form"
		},
		{
			"Id": "ParamBrowRForm",
			"GroupId": "",
			"Name": "BrowR Form"
		},
		{
			"Id": "ParamMouthForm",
			"GroupId": "",
			"Name": "Mouth Form"
		},
		{
			"Id": "ParamMouthOpenY",
			"GroupId": "",
			"Name": "Mouth Open"
		},
		{
			"Id": "ParamCheek",
			"GroupId": "",
			"Name": "Cheek"
		},
		{
			"Id": "ParamBodyAngleX",
			"GroupId": "",
			"Name": "Body X"
		},
		{
			"Id": "ParamBodyAngleY",
			"GroupId": "",
			"Name": "Body Y"
		},
		{
			"Id": "ParamBodyAngleZ",
			"GroupId": "",
			"Name": "Body Z"
		},
		{
			"Id": "ParamBreath",
			"GroupId": "",
			"Name": "Breathing"
		},
		{
			"Id": "ParamHairFront",
			"GroupId": "",
			"Name": "Hair Move Front"
		},
		{
			"Id": "ParamHairSide",
			"GroupId": "",
			"Name": "Hair Move Side"
		},
		{
			"Id": "ParamHairBack",
			"GroupId": "",
			"Name": "Hair Move Back"
		},
		{
			"Id": "Param",
			"GroupId": "",
			"Name": "表情"
		},
		{
			"Id": "Param2",
			"GroupId": "",
			"Name": "脸红"
		},
		{
			"Id": "Param3",
			"GroupId": "",
			"Name": "星星眼"
		}
	],
	"ParameterGroups": [],
	"Parts": [
		{
			"Id": "Part5",
			"Name": "绫地宁宁.psd(未找到对应图层)"
		},
		{
			"Id": "Part4",
			"Name": "绫地宁宁.psd(未找到对应图层)"
		},
		{
			"Id": "toufa",
			"Name": "toufa"
		},
		{
			"Id": "zuoyan",
			"Name": "zuoyan"
		},
		{
			"Id": "zuoyan3",
			"Name": "zuoyan"
		},
		{
			"Id": "zuoyan2",
			"Name": "zuoyan"
		},
		{
			"Id": "Part",
			"Name": "you yan"
		},
		{
			"Id": "face",
			"Name": "face"
		},
		{
			"Id": "Part2",
			"Name": "you yan"
		},
		{
			"Id": "Part3",
			"Name": "you yan"
		},
		{
			"Id": "mouse",
			"Name": "mouse"
		},
		{
			"Id": "mouse2",
			"Name": "mouse"
		}
	]
}