{
	"Version": 3,
	"FileReferences": {
		"Moc": "Hiyori.moc3",
		"Textures": [
			"nn.2048/texture_00.png"
		],
		"Physics": "Hiyori.physics3.json",
		"DisplayInfo": "Hiyori.cdi3.json",
		"Expressions": [
			{
				"Name": "exp_01",
				"File": "exp/Hiyori_exp_01.exp3.json"
			}
		],
		"Motions": {
			"": [
				{
					"File": "motions/Hiyori_m01.motion3.json"
				},
				{
					"File": "motions/Hiyori_m02.motion3.json"
				},
				{
					"File": "motions/Hiyori_m03.motion3.json"
				},
				{
					"File": "motions/Hiyori_m04.motion3.json"
				},
				{
					"File": "motions/Hiyori_m05.motion3.json"
				},
				{
					"File": "motions/Hiyori_m06.motion3.json"
				},
				{
					"File": "motions/Hiyori_m07.motion3.json"
				},
				{
					"File": "motions/Hiyori_m08.motion3.json"
				},
				{
					"File": "motions/Hiyori_m09.motion3.json"
				},
				{
					"File": "motions/Hiyori_m10.motion3.json"
				},
				{
					"File": "motions/Hiyori_talking.motion3.json"
				}
			]
		}
	},
	"Groups": [
		{
			"Target": "Parameter",
			"Name": "EyeBlink",
			"Ids": [
				"ParamEyeLOpen",
				"ParamEyeROpen"
			]
		},
		{
			"Target": "Parameter",
			"Name": "LipSync",
			"Ids": []
		}
	],
	"HitAreas": []
}